{"cameraMode":{"drawMode":0,"name":"Shaded","section":"Shading Mode"},"sceneLighting":true,"audioPlay":false,"sceneViewState":{"m_AlwaysRefresh":false,"showFog":true,"showSkybox":true,"showFlares":true,"showImageEffects":true,"showParticleSystems":true,"showVisualEffectGraphs":true,"m_FxEnabled":true},"in2DMode":false,"pivot":{"x":1.7545274496078492,"y":-1.9970555305480958,"z":1.5143226385116578},"rotation":{"x":0.23078487813472749,"y":0.46089112758636477,"z":-0.12547799944877625,"w":0.8476895093917847},"size":12.12435531616211,"orthographic":false}