{"cameraMode":{"drawMode":0,"name":"Shaded","section":"Shading Mode"},"sceneLighting":true,"audioPlay":false,"sceneViewState":{"m_AlwaysRefresh":false,"showFog":true,"showSkybox":true,"showFlares":true,"showImageEffects":true,"showParticleSystems":true,"showVisualEffectGraphs":true,"m_FxEnabled":true},"in2DMode":false,"pivot":{"x":455.98724365234377,"y":148.8406219482422,"z":-371.2541809082031},"rotation":{"x":-0.030304601415991784,"y":-0.00239740964025259,"z":0.00006838965055067092,"w":-0.9995296597480774},"size":12.12435531616211,"orthographic":false}